enhancer	part	sequence
AB80	A	CTGCCATAATGTCACAATTTTTCTCAAATCTTGTGGCTCTCAAACACTGTATAAAACACGACAAATGTGGACCCAAAATATATACCTTACACTTCTGAGTTAGAGAAGCAGAGCCCCATAATTAAGCCTATTTTATGAAAAAAATAATATTATGTTGAGTCATATATCC
AB80	B	TATATACCTTACACTTCTGAGTTAGAGAAGCAGAGCCCCATAATTAAGCCTATTTTATGAAAAAAATAATATTATGTTGAGTCATATATCCATAAGAATCCCCACAGTCACACATGGAAGAGCAGCATTGGATACAAATGATATGAAGATTTTGATCCATGAACGGATT
AB80	FL	CTGCCATAATGTCACAATTTTTCTCAAATCTTGTGGCTCTCAAACACTGTATAAAACACGACAAATGTGGACCCAAAATATATACCTTACACTTCTGAGTTAGAGAAGCAGAGCCCCATAATTAAGCCTATTTTATGAAAAAAATAATATTATGTTGAGTCATATATCCATAAGAATCCCCACAGTCACACATGGAAGAGCAGCATTGGATACAAATGATATGAAGATTTTGATCCATGAACGGATT
Cab-1	A	ATCGAATTTGTTGGGCAAGCGCCCAGTGTGATGTACGTTGGGAAAACTTGCAAGAGGATGCGACCAAATGAACTGGTAAACCATCCCGTGAGCGTGGCCTACACATTTTAAGCCAGCGGACTCTTTCGACTTGTCTTACAAAAGCTGGTCCAGTCACGAGCCTTAGCCC
Cab-1	B	TACACATTTTAAGCCAGCGGACTCTTTCGACTTGTCTTACAAAAGCTGGTCCAGTCACGAGCCTTAGCCCTAACCATAGCCACAAGTACATCTCATCCATTTAAGGCCTCTGCGTGCACCAATGGCATCCAAGCTGCAGATTTCTTTTCACCACCGTCTCTCTTGTCAG
Cab-1	FL	ATCGAATTTGTTGGGCAAGCGCCCAGTGTGATGTACGTTGGGAAAACTTGCAAGAGGATGCGACCAAATGAACTGGTAAACCATCCCGTGAGCGTGGCCTACACATTTTAAGCCAGCGGACTCTTTCGACTTGTCTTACAAAAGCTGGTCCAGTCACGAGCCTTAGCCCTAACCATAGCCACAAGTACATCTCATCCATTTAAGGCCTCTGCGTGCACCAATGGCATCCAAGCTGCAGATTTCTTTTCACCACCGTCTCTCTTGTCAG
rbcS-E9	A	ACACTAACATCGAATGTACTTATCTCATTAGTTTAAATTATTGTTTGATCATGTTTAATCCTTATACTGTTGTTAGTTTTTTCAGTTAGCTTAGTGGGCATCTTACACGTGGCATTATTATCCTATTGGTGGCTAATGATAAGGTTAGCACACAAAACTTTTCAATCTT
rbcS-E9	B	ACTGTTGTTAGTTTTTTCAGTTAGCTTAGTGGGCATCTTACACGTGGCATTATTATCCTATTGGTGGCTAATGATAAGGTTAGCACACAAAACTTTTCAATCTTGTGTGGTTAATATGACTGCAAAGTTTATCATTTTCACAATCCAACAAACTGGTTCTAGGCAGTGG
rbcS-E9	FL	ACACTAACATCGAATGTACTTATCTCATTAGTTTAAATTATTGTTTGATCATGTTTAATCCTTATACTGTTGTTAGTTTTTTCAGTTAGCTTAGTGGGCATCTTACACGTGGCATTATTATCCTATTGGTGGCTAATGATAAGGTTAGCACACAAAACTTTTCAATCTTGTGTGGTTAATATGACTGCAAAGTTTATCATTTTCACAATCCAACAAACTGGTTCTAGGCAGTGG
